"Позиция";"Обозначение";"Корпус";"Количество";"Значение";"Поставщик и справка";
1;"J4";"PinSocket_1x40_P2.54mm_Vertical";1;"Модуль 4";;;
2;"C2,C4";"C_Axial_L3.8mm_D2.6mm_P7.50mm_Horizontal";2;"0.1Мф";;;
3;"C3,C1";"CP_Radial_D5.0mm_P2.50mm";2;"100Мф";;;
4;"J2";"PinSocket_1x40_P2.54mm_Vertical";1;"Модуль 2";;;
5;"D2";"LED_D3.0mm";1;"Питание";;;
6;"D1";"D_DO-41_SOD81_P10.16mm_Horizontal";1;"1N4001";;;
7;"J3";"PinSocket_1x40_P2.54mm_Vertical";1;"Модуль 3";;;
8;"J5";"PinSocket_1x40_P2.54mm_Vertical";1;"Модуль 5";;;
9;"R1";"R_Axial_DIN0204_L3.6mm_D1.6mm_P5.08mm_Horizontal";1;"680";;;
10;"J1";"BarrelJack_Horizontal";1;"9В DC";;;
11;"U1";"TO-220-3_Vertical";1;"LM7805";;;
12;"R2";"R_Axial_DIN0918_L18.0mm_D9.0mm_P22.86mm_Horizontal";1;"5";;;
13;"J10";"PinSocket_1x40_P2.54mm_Vertical";1;"Модуль 1";;;
