"Позиция";"Обозначение";"Корпус";"Количество";"Значение";"Поставщик и справка";
1;"U3";"MODULE_ESP32-DEVKITC-32D";1;"ESP32-DEVKITC-32D";;;
2;"C6,C4,C1,C3,C5";"CP_Radial_D5.0mm_P2.50mm";5;"1Mф";;;
3;"U2";"DIP-28_W7.62mm_Socket";1;"MCP23017_SP";;;
4;"J2";"DSUB-9_Female_Horizontal_P2.77x2.84mm_EdgePinOffset7.70mm_Housed_MountingHolesOffset9.12mm";1;"RS232";;;
5;"C2";"C_Axial_L3.8mm_D2.6mm_P7.50mm_Horizontal";1;"0.1Mф";;;
6;"J3";"PinSocket_1x20_P2.54mm_Vertical";1;"GPIO";;;
7;"J1";"PinSocket_1x02_P2.54mm_Vertical_POWER";1;"CDTR";;;
8;"R1";"R_Axial_DIN0204_L3.6mm_D1.6mm_P5.08mm_Horizontal";1;"10K";;;
9;"U1";"DIP-16_W7.62mm_Socket";1;"MAX232";;;
10;"J10";"PinSocket_1x40_P2.54mm_Vertical";1;"Шина";;;
