"Позиция";"Обозначение";"Корпус";"Количество";"Значение";"Поставщик и справка";
1;"R31,R33";"R_Axial_DIN0204_L3.6mm_D1.6mm_P5.08mm_Horizontal";2;"4K7";;;
2;"R21";"R_Axial_DIN0204_L3.6mm_D1.6mm_P5.08mm_Horizontal";1;"680";;;
3;"RN2,RN1";"R_Array_SIP9";2;"10K";;;
4;"C6,C5";"C_Rect_L7.0mm_W3.5mm_P5.00mm";2;"22п";;;
5;"D4";"LED_D3.0mm";1;"Сист.";;;
6;"U3";"DIP-40_W15.24mm_Socket";1;"ATmega32A-PU";;;
7;"J4";"PinSocket_1x08_P2.54mm_Vertical_Serial";1;"Итерфейс";;;
8;"D2,D3";"D_DO-41_SOD81_P10.16mm_Horizontal";2;"1N5817";;;
9;"C4";"C_Axial_L3.8mm_D2.6mm_P7.50mm_Horizontal";1;"0.5Mф";;;
10;"REF1";"z80-inside";1;"z80-inside";;;
11;"J2";"PinSocket_2x03_P2.54mm_Vertical_ICSP";1;"Прог";;;
12;"U4";"DIP-32_W15.24mm_Socket";1;"LP621024D-T";;;
13;"R30,R32";"R_Axial_DIN0204_L3.6mm_D1.6mm_P5.08mm_Horizontal";2;"390";;;
14;"C2,C1";"C_Axial_L3.8mm_D2.6mm_P7.50mm_Horizontal";2;"0.5Мф";;;
15;"D1";"D_DO-41_SOD81_P10.16mm_Horizontal";1;"КД238";;;
16;"R26";"R_Axial_DIN0204_L3.6mm_D1.6mm_P5.08mm_Horizontal";1;"39";;;
17;"SW1";"SW_PUSH_6mm_H5mm";1;"Сброс";;;
18;"R34,R11,R25,R22,R35,R9";"R_Axial_DIN0204_L3.6mm_D1.6mm_P5.08mm_Horizontal";6;"10K";;;
19;"SW2";"SW_PUSH_6mm_H5mm";1;"Польз.";;;
20;"U2";"DIP-14_W7.62mm_Socket";1;"КР1654ЛА3";;;
21;"D8";"LED_D3.0mm";1;"Польз.";;;
22;"R20";"R_Axial_DIN0204_L3.6mm_D1.6mm_P5.08mm_Horizontal";1;"1K2";;;
23;"D9";"D_DO-35_SOD27_P7.62mm_Horizontal";1;"КД522Б";;;
24;"C3";"C_Axial_L3.8mm_D2.6mm_P7.50mm_Horizontal";1;"0.1Мф";;;
25;"R10";"R_Axial_DIN0204_L3.6mm_D1.6mm_P5.08mm_Horizontal";1;"1K";;;
26;"J1";"PinSocket_1x02_P2.54mm_Vertical_POWER";1;"Power";;;
27;"U1";"DIP-40_W15.24mm_Socket";1;"Z80 ЦП";;;
28;"Y1";"Crystal_HC49-4H_Vertical";1;"16Mгц";;;
29;"J10";"PinSocket_1x40_P2.54mm_Vertical";1;"Шина";;;
