"Позиция";"Обозначение";"Корпус";"Количество";"Значение";"Поставщик и справка";
1;"J6";"PinSocket_1x05_P2.54mm_Vertical";1;"SPI";;;
2;"J5";"PinSocket_1x04_P2.54mm_Vertical_I2C";1;"I2C 2";;;
3;"J4";"PinSocket_1x04_P2.54mm_Vertical_I2C";1;"I2C 1";;;
4;"D2";"LED_D3.0mm";1;"SD";;;
5;"D1";"D_DO-41_SOD81_P10.16mm_Horizontal";1;"1N4148";;;
6;"R1";"R_Axial_DIN0204_L3.6mm_D1.6mm_P5.08mm_Horizontal";1;"330";;;
7;"J2";"PinSocket_1x06_P2.54mm_Vertical_SD";1;"Модуль SD";;;
8;"J3";"PinSocket_1x05_P2.54mm_Vertical";1;"DS3231 Часы";;;
9;"J1";"PinSocket_1x06_P2.54mm_Vertical_RTC";1;"DS3231 Часы";;;
10;"J10";"PinSocket_1x40_P2.54mm_Vertical";1;"Bus";;;
